Name,Purpose
Mitchell LLC, Configurable background pricing structure for harness distributed convergence
Rose Inc,User-friendly impactful framework for exploit interactive web-readiness
Garcia-Flores,Quality-focused incremental pricing structure for scale viral e-tailers
Hall LLC,Reduced directional policy for re-intermediate best-of-breed solutions
Alvarado Ltd,Operative systematic product for integrate distributed metrics
Allen Ltd,Open-source 4thgeneration installation for incubate dynamic e-commerce
Carter Group,Customizable user-facing circuit for productize sticky eyeballs
"Smith, Jones and Lowe",Open-source multimedia knowledge user for drive visionary experiences
"Trujillo, Boyd and Barrett",Synergized modular Graphical User Interface for enable virtual initiatives
Smith and Sons,Assimilated system-worthy access for productize bricks-and-clicks supply-chains
Phillips-Ramirez,Reactive global synergy for engineer customized eyeballs
Conley LLC,Organized dynamic matrix for generate real-time users
Garcia LLC,Down-sized hybrid adapter for grow open-source niches
Flores-Gray,Synchronized demand-driven website for synthesize cutting-edge e-services
Lopez-Williams,Up-sized homogeneous migration for re-intermediate synergistic web services
Freeman and Sons,Persistent reciprocal product for transition back-end paradigms
Bailey Ltd,Object-based systemic flexibility for deploy plug-and-play convergence
"Preston, Williams and Sosa",Multi-lateral mission-critical utilization for productize out-of-the-box networks
Walton Group,Open-source uniform approach for strategize synergistic models
Thompson-Hernandez,Reverse-engineered demand-driven standardization for e-enable cross-platform applications
Russo-Mason,Networked cohesive flexibility for target front-end solutions
"Bishop, Cox and Robinson",Cross-platform static algorithm for whiteboard cutting-edge bandwidth
Estrada PLC,Virtual context-sensitive migration for target revolutionary models
"Johnson, Murphy and Sullivan",Open-source asymmetric analyzer for innovate out-of-the-box systems
"Lewis, Serrano and Rowland",Compatible bandwidth-monitored monitoring for unleash user-centric deliverables
"Powell, Sharp and Smith",Assimilated holistic matrix for drive mission-critical e-services
"Guerrero, Gonzales and Browning",Profound local benchmark for repurpose transparent systems
Williams-Chen,Customizable didactic matrix for deliver best-of-breed partnerships
Robbins Inc,Pre-emptive bi-directional core for productize world-class mindshare
"Moreno, Williams and Compton",Fundamental motivating portal for syndicate efficient supply-chains
Kidd-Boone,Self-enabling multimedia data-warehouse for morph collaborative web services
Brown-Clay,Diverse modular open system for grow world-class networks
Williams PLC,Automated stable analyzer for morph virtual technologies
"Waters, Bell and Brennan",Organic asymmetric parallelism for deliver user-centric vortals
Patterson and Sons,Networked clear-thinking standardization for orchestrate intuitive platforms
Thomas LLC,Down-sized heuristic flexibility for engineer web-enabled web services
Freeman Group,Compatible modular software for re-contextualize one-to-one e-commerce
"Brennan, Lewis and Barry",Distributed non-volatile policy for generate global content
Roach and Sons,Streamlined eco-centric system engine for disintermediate strategic e-commerce
Alexander LLC,Universal grid-enabled alliance for matrix turn-key solutions
Huff Ltd,Future-proofed human-resource approach for enable back-end functionalities
Roberts Ltd,Business-focused well-modulated implementation for optimize proactive e-commerce
Richmond-Waters,Synchronized national groupware for grow transparent bandwidth
Palmer-Branch,Multi-tiered eco-centric algorithm for mesh world-class e-business
Howard and Sons,Phased exuding definition for expedite enterprise technologies
Mason PLC,Ameliorated zero tolerance service-desk for revolutionize revolutionary platforms
Miller-Larson,Synchronized clear-thinking adapter for streamline synergistic eyeballs
Davis-Farrell,Persistent analyzing encoding for exploit 24/365 applications
Butler LLC,Diverse foreground budgetary management for e-enable scalable platforms
Mclaughlin-Young,Adaptive dedicated workforce for exploit enterprise solutions