,Company,Purpose
0, Lang Ltd, Visionary maximized toolset for cultivate innovative metrics
1, Herrera-Williams, Robust full-range task-force for productize dot-com niches
2, Sanchez-Mullins, Networked dedicated hardware for monetize customized portals
3, Gomez-Porter, Phased bandwidth-monitored parallelism for engage efficient schemas
4, Wilson-Christensen, Integrated incremental monitoring for generate cross-platform action-items
5," Brown, Olson and Miller", Reduced mobile solution for disintermediate best-of-breed ROI
6," Curry, Howell and Sanchez", Realigned scalable open architecture for embrace virtual deliverables
7," Williamson, Moore and Tran", Customer-focused 4thgeneration access for productize real-time portals
8, Sutton-Bradford, Cross-platform disintermediate protocol for maximize granular infrastructures
9, York-Horn, Total static architecture for seize value-added content
10, Castillo-Johns, Multi-layered holistic encryption for implement web-enabled action-items
11," Becker, Davis and Parks", Progressive executive toolset for harness web-enabled portals
12, Long-Williams, Visionary 5thgeneration archive for maximize out-of-the-box vortals
13, Castillo-Wilson, Persistent optimizing complexity for incentivize extensible e-business
14, Gonzales-Wilson, Seamless optimal system engine for reinvent B2B experiences
15, Morgan Inc, Multi-tiered clear-thinking portal for aggregate global action-items
16, Alexander PLC, Function-based high-level function for incubate cutting-edge schemas
17, Mcpherson-Ashley, Reduced 3rdgeneration adapter for re-contextualize robust relationships
18, Smith and Sons, Profit-focused non-volatile complexity for scale plug-and-play web-readiness
19, Brewer PLC, Multi-layered 24hour toolset for disintermediate revolutionary info-mediaries
20, Pierce and Sons, Function-based analyzing pricing structure for incubate enterprise metrics
21, Wallace Inc, Persevering regional installation for syndicate visionary applications
22," Graham, Jarvis and Warner", Enhanced mobile benchmark for synergize bleeding-edge experiences
23, Moore PLC, Quality-focused value-added paradigm for synergize sticky markets
24," Ochoa, Copeland and Skinner", Horizontal asymmetric info-mediaries for extend innovative communities
25, Luna-Watson, Diverse tangible functionalities for grow wireless supply-chains
26," Pitts, Burke and Wright", Extended national success for implement leading-edge content
27," Johnson, Blake and Allen", Reduced full-range algorithm for deploy cutting-edge web services
28," Zuniga, Wise and Mann", Function-based static functionalities for productize virtual synergies
29, Flores-Edwards, User-centric coherent instruction set for incentivize best-of-breed e-commerce
30," Fuller, Hanson and Bryant", Managed leadingedge utilization for optimize best-of-breed e-commerce
31," Campbell, Zuniga and Bailey", Re-contextualized composite Internet solution for expedite robust eyeballs
32," Jones, Graham and Evans", Organic bandwidth-monitored monitoring for incentivize dynamic experiences
33, White Inc, Compatible secondary challenge for incubate frictionless mindshare
34," Bates, Brown and Gomez", Enterprise-wide explicit extranet for innovate strategic communities
35, Lopez Inc, Right-sized holistic open architecture for target 24/7 e-tailers
36," Hill, Wolfe and Glover", Cross-platform regional forecast for evolve sticky action-items
37, Stevens Inc, Up-sized maximized customer loyalty for cultivate magnetic convergence
38, Hinton Group, Object-based mission-critical database for deploy visionary experiences
39, Lopez PLC, Up-sized systemic leverage for re-contextualize innovative infrastructures
40, Rojas-Butler, Horizontal regional matrix for incentivize real-time bandwidth
41," Fox, Gordon and Young", Virtual homogeneous challenge for enhance vertical systems
42," Boyd, Clark and Clark", Open-architected object-oriented utilization for deploy virtual systems
43, Carroll-Barker, Multi-layered dynamic orchestration for exploit value-added platforms
44, Ward-Estrada, Re-engineered human-resource policy for visualize best-of-breed web-readiness
45," Gomez, Lopez and Lopez", Multi-layered upward-trending access for implement magnetic synergies
46," Douglas, Walker and Nelson", Versatile asynchronous knowledgebase for drive value-added portals
47," Marshall, Blankenship and Hill", Optimized background circuit for redefine user-centric technologies
48, Lewis and Sons, Open-architected motivating installation for expedite viral ROI
49, Brown-Davis, Up-sized transitional productivity for unleash rich applications
