,Name,Purpose
0,"Olson, Johnson and Tyler",De-engineered 5thgeneration moratorium for productize intuitive convergence
1,Silva PLC,Programmable contextually-based knowledge user for unleash clicks-and-mortar bandwidth
2,Martinez PLC,Cloned leadingedge collaboration for evolve bleeding-edge partnerships
3,Kennedy Group,Ameliorated real-time instruction set for redefine revolutionary paradigms
4,Kirby PLC,Programmable clear-thinking open architecture for enhance innovative web services
5,Wood-Morris,Ergonomic multi-state customer loyalty for transform frictionless info-mediaries
6,"Walker, Frank and Munoz",Upgradable dedicated infrastructure for engage bricks-and-clicks solutions
7,Gonzalez-Meyer,Synergized grid-enabled info-mediaries for evolve intuitive bandwidth
8,"Cooper, Collins and Lewis",Cross-platform hybrid strategy for disintermediate back-end eyeballs
9,Jones-Freeman,Innovative solution-oriented toolset for aggregate world-class content
10,Berry Group,Proactive grid-enabled protocol for envisioneer end-to-end functionalities
11,"Dudley, Brown and White",Face-to-face attitude-oriented initiative for optimize granular action-items
12,Kramer-Hodges,Multi-lateral fresh-thinking monitoring for matrix compelling content
13,"Edwards, Ramirez and Mclean",De-engineered transitional challenge for architect virtual applications
14,"Figueroa, Edwards and Parks",Multi-layered bandwidth-monitored database for expedite interactive applications
15,Whitaker Group,De-engineered holistic policy for evolve visionary experiences
16,Reynolds-Stewart,Object-based multimedia portal for utilize real-time content
17,Lewis-Thompson,Configurable modular benchmark for architect vertical partnerships
18,"Martin, Palmer and Alexander",Sharable asynchronous artificial intelligence for enable enterprise channels
19,"Jackson, Rich and Johnson",Optimized contextually-based definition for embrace frictionless web services
20,"Hernandez, Johnson and Carter",Networked context-sensitive challenge for extend end-to-end e-commerce
21,Bishop Ltd,Automated next generation monitoring for seize killer applications
22,Watkins Inc,Inverse 3rdgeneration strategy for synthesize viral deliverables
23,Anderson-Baker,Multi-tiered asymmetric strategy for re-intermediate cross-platform functionalities
24,Ellis Inc,Assimilated real-time capability for productize front-end experiences
25,"King, Alexander and Walters",Decentralized motivating migration for monetize out-of-the-box solutions
26,"Kirby, Atkinson and Page",Pre-emptive fault-tolerant function for unleash revolutionary platforms
27,Hoffman-Garrison,Fully-configurable stable infrastructure for streamline transparent initiatives
28,Thomas and Sons,Quality-focused static emulation for empower value-added paradigms
29,"Bradley, Hickman and Rivera",Assimilated scalable middleware for implement sticky e-tailers
30,"Castaneda, Cox and Carson",Focused methodical project for optimize end-to-end synergies
31,"Stevenson, Perez and Benson",Grass-roots systematic ability for engineer scalable methodologies
32,Holt Inc,Extended static workforce for scale turn-key e-tailers
33,Mitchell-Elliott,Virtual zero-defect focus group for empower viral mindshare
34,"Myers, Leach and Watkins",Organized tangible standardization for reinvent 24/365 niches
35,"Petty, Henry and Thomas",Exclusive dedicated definition for transform plug-and-play supply-chains
36,Butler LLC,Reverse-engineered hybrid workforce for exploit e-business action-items
37,Haynes-Osborn,Enhanced clear-thinking protocol for matrix visionary e-services
38,"Mckee, Walton and Howell",Decentralized attitude-oriented moratorium for architect transparent e-tailers
39,Mendez Inc,Synergistic mission-critical model for embrace out-of-the-box e-tailers
40,Harrison-Stone,Function-based foreground architecture for scale world-class paradigms
41,Hoffman Inc,Profound demand-driven application for engineer web-enabled bandwidth
42,Holloway-Coleman,Future-proofed methodical budgetary management for matrix open-source content
43,"Beck, Chambers and Love",Decentralized motivating core for iterate B2B web-readiness
44,Smith-Morales,Reactive background product for iterate viral web-readiness
45,Martinez LLC,Adaptive zero tolerance throughput for productize e-business synergies
46,Jacobs Group,Horizontal tangible conglomeration for harness transparent solutions
47,Beltran and Sons,Managed executive Local Area Network for streamline distributed technologies
48,Lewis-Hill,Face-to-face 3rdgeneration data-warehouse for target cross-platform e-services
49,"Huang, Ramirez and Soto",Function-based 6thgeneration Graphical User Interface for optimize end-to-end convergence
