,CompanyName,Purpose
0, Dixon Ltd, Public-key uniform system engine for grow rich technologies
1," Aguilar, Kelly and Elliott", Managed secondary task-force for facilitate granular applications
2," Martin, Clayton and Smith", Realigned executive task-force for iterate scalable partnerships
3, Moon-Bowen, Cloned zero tolerance instruction set for extend bleeding-edge vortals
4, Grant-Shaw, Operative solution-oriented Graphic Interface for deliver value-added functionalities
5, Gonzalez PLC, Grass-roots multi-state hardware for orchestrate killer metrics
6, Rivera-Montgomery, Monitored demand-driven access for envisioneer ubiquitous metrics
7, Rodriguez-Lopez, Universal multimedia knowledgebase for transition integrated vortals
8," Harris, Callahan and Vaughan", Optional transitional standardization for maximize sticky vortals
9, Parks Inc, Compatible high-level framework for engage sticky bandwidth
10, Mcdonald-Henry, Right-sized 24hour database for engineer B2B web services
11, Boone Group, Exclusive maximized Graphic Interface for synergize cutting-edge markets
12," Anderson, Cisneros and Warner", Total national instruction set for disintermediate value-added communities
13," Castro, Ingram and Diaz", Distributed eco-centric pricing structure for deploy proactive e-business
14," Williams, Thomas and Montgomery", Persevering responsive solution for synergize frictionless synergies
15, Flores-Hernandez, Front-line next generation capability for orchestrate efficient functionalities
16," Cruz, Holmes and Hurley", Reduced leadingedge challenge for re-contextualize front-end e-markets
17, Davis-Summers, Enterprise-wide bandwidth-monitored parallelism for visualize value-added interfaces
18, Palmer Group, Customizable zero tolerance alliance for brand rich channels
19, Francis and Sons, Open-source needs-based software for grow proactive partnerships
20, Jordan-Steele, Fundamental radical open architecture for repurpose scalable e-services
21," Reed, Gregory and Lee", Intuitive secondary ability for revolutionize bleeding-edge content
22, Martinez LLC, Seamless local framework for scale plug-and-play action-items
23, Ellis-Harrell, Business-focused client-driven complexity for incubate one-to-one networks
24, Pena and Sons, Customizable 6thgeneration strategy for matrix intuitive content
25, Robinson Inc, Multi-channeled dedicated groupware for utilize bleeding-edge content
26, Choi LLC, Future-proofed upward-trending Graphical User Interface for integrate cross-platform e-commerce
27, Mathis LLC, Polarized zero administration orchestration for integrate visionary eyeballs
28," Carroll, King and Jackson", Visionary dynamic artificial intelligence for deliver leading-edge relationships
29, Williams Ltd, Stand-alone reciprocal parallelism for innovate compelling synergies
30, Patterson LLC, Phased bi-directional approach for benchmark e-business infrastructures
31, Leonard LLC, Object-based systematic customer loyalty for utilize 24/7 eyeballs
32," Diaz, Smith and Salazar", Grass-roots multi-state Internet solution for orchestrate best-of-breed platforms
33," Shelton, Collins and Harris", Face-to-face multi-state leverage for embrace bricks-and-clicks deliverables
34, Richardson Inc, Monitored zero tolerance framework for architect turn-key users
35, Brown-Garcia, Virtual interactive software for engage viral metrics
36, Fisher-Campbell, Managed didactic success for transform user-centric ROI
37," Myers, Torres and Meyer", Monitored executive installation for target synergistic synergies
38, Miller PLC, Realigned bi-directional open system for grow world-class e-services
39, Hall-Smith, Switchable 5thgeneration definition for revolutionize impactful functionalities
40," Cameron, Tanner and Smith", Advanced eco-centric initiative for seize one-to-one metrics
41, Salazar Group, Adaptive tertiary access for synthesize bleeding-edge technologies
42," Rodriguez, Sutton and Martinez", Profit-focused actuating utilization for leverage virtual communities
43, Garcia Group, Grass-roots zero tolerance adapter for revolutionize cutting-edge synergies
44, Maxwell Group, Fully-configurable static solution for benchmark web-enabled architectures
45, Mckinney-Rodriguez, Self-enabling radical collaboration for exploit sticky content
46, Reyes-Cooper, Extended next generation hierarchy for incentivize 24/365 schemas
47, Weaver-Sullivan, Front-line modular adapter for transition wireless users
48, Pope Inc, Synergized empowering data-warehouse for re-intermediate front-end e-business
49, White PLC, Integrated fresh-thinking frame for streamline impactful paradigms
